{
    "DINOv2-ViT-S/14": {
        "pretrained": {
            "HitRate@1": 0.08196721311475409,
            "MRR@1": 0.08196721311475409,
            "Recall@1": 0.01639344262295082,
            "HitRate@5": 0.16393442622950818,
            "MRR@5": 0.11885245901639344,
            "Recall@5": 0.055737704918032795,
            "HitRate@10": 0.21311475409836064,
            "MRR@10": 0.1257481134530315,
            "Recall@10": 0.07213114754098361
        },
        "finetuned": {
            "HitRate@1": 0.9344262295081968,
            "MRR@1": 0.9344262295081968,
            "Recall@1": 0.18688524590163935,
            "HitRate@5": 1.0,
            "MRR@5": 0.9672131147540983,
            "Recall@5": 0.9081967213114754,
            "HitRate@10": 1.0,
            "MRR@10": 0.9672131147540983,
            "Recall@10": 0.9606557377049181
        }
    },
    "ENT-ViT": {
        "pretrained": {
            "HitRate@1": 0.0,
            "MRR@1": 0.0,
            "Recall@1": 0.0,
            "HitRate@5": 0.0,
            "MRR@5": 0.0,
            "Recall@5": 0.0,
            "HitRate@10": 0.0,
            "MRR@10": 0.0,
            "Recall@10": 0.0
        },
        "finetuned": {
            "HitRate@1": 0.06557377049180328,
            "MRR@1": 0.06557377049180328,
            "Recall@1": 0.013114754098360656,
            "HitRate@5": 0.16393442622950818,
            "MRR@5": 0.10081967213114755,
            "Recall@5": 0.055737704918032795,
            "HitRate@10": 0.36065573770491804,
            "MRR@10": 0.1277192297684101,
            "Recall@10": 0.12459016393442623
        }
    },
    "DINOv2-ViT-B/14": {
        "pretrained": {
            "HitRate@1": 0.14754098360655737,
            "MRR@1": 0.14754098360655737,
            "Recall@1": 0.029508196721311476,
            "HitRate@5": 0.19672131147540983,
            "MRR@5": 0.1644808743169399,
            "Recall@5": 0.0459016393442623,
            "HitRate@10": 0.2459016393442623,
            "MRR@10": 0.17131147540983604,
            "Recall@10": 0.05901639344262295
        },
        "finetuned": {
            "HitRate@1": 0.9672131147540983,
            "MRR@1": 0.9672131147540983,
            "Recall@1": 0.19344262295081968,
            "HitRate@5": 1.0,
            "MRR@5": 0.9808743169398908,
            "Recall@5": 0.9016393442622951,
            "HitRate@10": 1.0,
            "MRR@10": 0.9808743169398908,
            "Recall@10": 0.9704918032786886
        }
    },
    "DINOv2-ViT-L/14": {
        "pretrained": {
            "HitRate@1": 0.04918032786885246,
            "MRR@1": 0.04918032786885246,
            "Recall@1": 0.009836065573770493,
            "HitRate@5": 0.14754098360655737,
            "MRR@5": 0.09153005464480873,
            "Recall@5": 0.03278688524590164,
            "HitRate@10": 0.16393442622950818,
            "MRR@10": 0.09357923497267759,
            "Recall@10": 0.03934426229508197
        },
        "finetuned": {
            "HitRate@1": 0.9836065573770492,
            "MRR@1": 0.9836065573770492,
            "Recall@1": 0.19672131147540983,
            "HitRate@5": 0.9836065573770492,
            "MRR@5": 0.9836065573770492,
            "Recall@5": 0.940983606557377,
            "HitRate@10": 0.9836065573770492,
            "MRR@10": 0.9836065573770492,
            "Recall@10": 0.9639344262295082
        }
    }
}