{
    "DINOv2-ViT-S/14": {
        "pretrained": {
            "HitRate@1": 0.03278688524590164,
            "MRR@1": 0.03278688524590164,
            "HitRate@5": 0.08196721311475409,
            "MRR@5": 0.054644808743169404,
            "HitRate@10": 0.09836065573770492,
            "MRR@10": 0.056466302367941715
        },
        "finetuned": {
            "HitRate@1": 0.13114754098360656,
            "MRR@1": 0.13114754098360656,
            "HitRate@5": 0.3114754098360656,
            "MRR@5": 0.19781420765027322,
            "HitRate@10": 0.39344262295081966,
            "MRR@10": 0.20821623731459796
        }
    },
    "ENT-ViT": {
        "pretrained": {
            "HitRate@1": 0.0,
            "MRR@1": 0.0,
            "HitRate@5": 0.0,
            "MRR@5": 0.0,
            "HitRate@10": 0.0,
            "MRR@10": 0.0
        },
        "finetuned": {
            "HitRate@1": 0.09836065573770492,
            "MRR@1": 0.09836065573770492,
            "HitRate@5": 0.36065573770491804,
            "MRR@5": 0.19234972677595627,
            "HitRate@10": 0.5573770491803278,
            "MRR@10": 0.21693338537600831
        }
    }
}