{
    "DINOv2-ViT-S/14": {
        "pretrained": {
            "HitRate@1": 0.08196721311475409,
            "MRR@1": 0.08196721311475409,
            "Recall@1": 0.01639344262295082,
            "HitRate@5": 0.16393442622950818,
            "MRR@5": 0.11885245901639344,
            "Recall@5": 0.055737704918032795,
            "HitRate@10": 0.21311475409836064,
            "MRR@10": 0.1257481134530315,
            "Recall@10": 0.07213114754098361
        },
        "finetuned": {
            "HitRate@1": 0.9344262295081968,
            "MRR@1": 0.9344262295081968,
            "Recall@1": 0.18688524590163935,
            "HitRate@5": 1.0,
            "MRR@5": 0.9672131147540983,
            "Recall@5": 0.9081967213114754,
            "HitRate@10": 1.0,
            "MRR@10": 0.9672131147540983,
            "Recall@10": 0.9606557377049181
        }
    },
    "ENT-ViT": {
        "pretrained": {
            "HitRate@1": 0.0,
            "MRR@1": 0.0,
            "Recall@1": 0.0,
            "HitRate@5": 0.0,
            "MRR@5": 0.0,
            "Recall@5": 0.0,
            "HitRate@10": 0.0,
            "MRR@10": 0.0,
            "Recall@10": 0.0
        },
        "finetuned": {
            "HitRate@1": 0.06557377049180328,
            "MRR@1": 0.06557377049180328,
            "Recall@1": 0.013114754098360656,
            "HitRate@5": 0.16393442622950818,
            "MRR@5": 0.10081967213114755,
            "Recall@5": 0.055737704918032795,
            "HitRate@10": 0.36065573770491804,
            "MRR@10": 0.1277192297684101,
            "Recall@10": 0.12459016393442623
        }
    }
}